<?xml version="1.0" encoding="utf-8"?>
<extension version="3.2" type="package" method="upgrade">
	<name>My City Selector</name>
	<packagename>mycityselector</packagename>
	<creationDate>Mar 2017</creationDate>
	<author>Konstantin Kutsevalov &amp; Vladislav Smolenskiy</author>
	<authorEmail>konstantin@kutsevalov.name</authorEmail>
	<authorUrl>http://www.kutsevalov.name/2013/08/12/modul-vibora-goroda-dlya-joomla/</authorUrl>
	<copyright>All rights reserved</copyright>
    <license>GNU/GPLv3 http://www.gnu.org/licenses/gpl-3.0.html</license>
	<version></version>
	<description>
		<!-- @devnote описание генерируется во время установки -->
	</description>

	<scriptfile>installer.php</scriptfile>
    <files><file type="plugin" id="mcsinsert" group="editors-xtd">mcsinsert_v202.zip</file><file type="plugin" id="plgmycityselector" group="system">plgmycityselector_v2024.zip</file><file type="module" id="mod_mycityselector" client="site">mod_mycityselector_v2024.zip</file><file type="component" id="com_mycityselector">com_mycityselector_v2024.zip</file></files>
</extension>
